,train_r2,test_r2,test_rmse,test_mae,cv_r2_mean,cv_r2_std,predictions
Linear Regression,0.6042187362248614,0.5091794556553528,6.3218672025426494,4.279115518564105,0.5930320996960887,0.031313036054828124,"[-8.14646841e+00 -3.64292093e+00  2.59088463e+00 -4.22925331e+00
 -1.86855372e+01 -2.75824942e+00 -6.29388094e+00 -5.86230066e-02
 -7.44785321e+00  2.07252807e+00 -3.24568409e+00 -5.71592939e+00
 -1.33775240e+01 -4.90761818e+00  3.84441639e+00 -1.07549559e+01
 -7.86621994e+00  1.67264817e+00 -3.33812181e-01 -2.48383612e+00
 -4.04835599e+00 -1.12235647e+01 -3.19356558e+00 -6.41159234e+00
 -4.02520021e+00 -5.24727311e+00 -1.09285978e+00 -1.11303290e+01
 -5.06004857e+00 -1.31061180e+01  2.63419594e+00 -1.17704062e+01
  5.08761745e+00 -5.72031273e+00  2.47702991e-01 -1.16115742e+01
 -5.85794859e+00 -9.41694748e+00 -4.53059785e+00 -3.06494324e-01
 -5.64808340e+00 -7.05964003e+00 -3.05132447e+01 -5.79024336e+00
 -9.15051223e+00  4.51807691e+00 -5.52886115e+00 -7.00754440e+00
 -8.67128601e+00 -5.90687283e+00 -5.65815166e+00 -1.64349592e+00
  7.24582032e-01 -6.05089394e+00 -2.42050636e+00 -2.58652479e-01
 -2.60322417e+00 -5.29500994e-01  1.85757181e+00 -3.64964342e+00
 -1.90363744e+01 -1.41549955e+01 -1.37039361e+01 -6.11892640e+00
 -5.02810753e+00 -5.57041225e+00 -1.20294781e+01 -4.14829302e-01
 -1.74897314e+01  4.90034567e-01 -1.33505743e+01 -1.21854530e+01
 -1.27497686e+00 -3.41705165e+00  3.43433642e+00 -1.75573804e+01
 -1.94229737e+01  1.87922702e+00  3.09522379e+00 -3.93945963e+00
 -1.62669443e+01 -1.65959653e+01  2.42636839e+00 -1.48871890e+01
 -1.64626856e+01 -1.78380977e+01 -3.22129418e+00  1.03797753e+00
 -2.97111347e+00 -1.54487185e+01 -2.00862809e+01 -1.20831688e+01
  4.45501523e+00 -1.24642917e+00 -6.07869059e+00 -4.36694249e+00
 -1.83904441e+01 -1.07483543e-01 -3.54264045e-01 -2.10286623e+01
 -2.90629182e+00 -1.75069995e+01 -1.16274722e+01 -1.22924541e+01
 -3.71314542e+00 -8.16737774e+00 -1.16693714e+00 -2.80542186e+00
 -2.14318662e+01  6.57378089e+00 -5.57127013e+00 -1.78601888e+01
 -1.44314494e+01 -9.77607393e+00 -1.73686262e+01  4.59692181e+00
 -6.79744503e+00 -5.82172569e+00  4.90254688e+00  3.27384137e+00
 -3.73941731e+00 -1.36690554e+01 -1.82020889e+00 -3.02690060e+00
 -1.86207948e+00 -4.22245592e+00  4.91201280e+00  2.47039917e+00
 -6.19169873e-01  3.73946909e-01  5.98183843e+00  2.14898519e+00
 -1.30765743e+01 -5.62480888e+00 -2.48922867e+00 -6.22344750e+00
 -3.56394907e+00 -8.42934917e+00 -1.66274814e+00 -8.94282674e+00
 -2.77010803e+01 -1.04510948e+01 -2.63381626e+00 -1.42105906e+00
 -7.67453630e+00 -1.60619380e+01 -3.68377095e+00 -6.81058306e+00
 -3.54144606e+00 -1.81183321e+01 -3.45324115e+00  2.83739223e-01
 -1.55985856e+01 -1.65607813e+00 -1.62451553e+01 -1.06753053e+00
  1.80945786e+00 -1.29297820e+01 -9.08557358e+00  2.56466450e+00
 -7.26055997e+00 -1.18205110e+01 -7.35880318e-01 -1.82821283e+00
  3.71939222e+00 -3.18383572e+00 -2.25669061e+01 -1.07387259e+01
 -2.96044383e+00 -6.67129305e+00  1.34940290e+00  3.63998476e-01
 -3.62774501e+00 -4.31022719e+00 -8.58014977e+00 -1.67470006e+01
 -2.52651747e+00 -5.61966912e-01 -2.98816140e+00 -4.10165167e+00
  1.89594080e+00 -2.20003547e+00 -1.50260909e+01 -1.07510745e+01
 -5.68715378e+00 -1.26488581e+00 -2.53688438e+00  2.53584325e+00
 -4.68101739e+00 -5.64638502e+00 -1.37104301e+01 -1.47267024e+01
 -1.61821721e+01  3.00349993e+00 -1.08588559e+00  5.48478281e+00
 -1.46696564e+01 -1.43356831e+01 -2.75881932e+01 -8.80175491e+00
 -9.09451875e-01 -6.03923033e+00 -3.61759836e+00 -1.25276526e-01
 -4.73964301e+00 -1.65438881e+01  2.56736974e+00 -4.38134952e+00
 -1.52982156e+01 -6.78907574e+00 -6.18135675e+00  1.08036498e+00
  1.84793466e+00 -1.08102619e+01  3.02500830e+00 -7.10502143e-01
  1.22949420e+00 -1.42359832e+00 -4.50245191e-01 -6.39640308e+00
 -8.64726600e+00 -1.15675500e+01 -9.64321187e+00 -1.03613394e+01
  1.87329009e+00 -1.89048653e+01 -2.13232390e+00 -1.71426936e+00
 -4.29157543e+00 -6.91084765e+00 -7.62897536e-01 -2.83374813e+00
 -1.14170822e+00  4.01114373e+00  7.57559300e-03 -2.02977520e+01
  1.69651374e+00  3.22366498e-01 -4.94267742e+00 -1.74356398e+01
  1.70502963e+00  3.86086523e+00 -9.99028141e+00 -6.64280137e+00
 -8.40636229e+00 -8.07899014e+00 -7.82502844e+00 -1.67539308e+01
  3.59695818e-01 -3.39481297e-01 -6.57479872e+00 -3.59603039e+00
 -1.10851577e+01 -1.34324412e+01 -1.31244534e+01  1.09825006e+00
 -1.47048024e+00 -9.05421099e+00 -2.17159063e+01  2.53675551e+00
  3.62075376e-01 -2.08778805e+00 -1.03785886e+01 -3.38242021e+00
 -7.02152668e+00 -7.14117799e+00 -1.81334050e+01 -1.07960691e+01
  1.26470736e+00 -5.02373334e+00 -1.26089527e+01 -1.41525265e+01
 -1.06825723e+01 -6.94329064e+00 -1.43323761e+01 -4.71107746e+00
 -4.25047820e-01 -2.28303108e-01 -2.37993611e+00 -5.99532532e+00
 -9.77100669e+00 -1.70774006e-02  9.65193447e-01 -1.66169116e+01
 -4.07983046e+00 -1.39071356e+01  1.00779086e+00  3.76314787e+00
 -4.35164855e-01 -4.13749760e+00 -1.44246141e+01 -1.20506795e+01
  4.32116168e+00 -1.11341613e+01 -2.02466431e+01 -2.30654725e+00
  3.98468116e+00  1.67513508e-01 -5.02501879e+00  3.71231010e+00
  2.14457461e+00 -1.28599420e+01 -7.94026850e+00 -3.22130826e+00
  2.41711350e+00 -9.89657653e-01 -1.21061087e+00  3.40109209e+00
  1.53002559e+00 -1.55467323e+01 -4.11348554e+00 -1.15353418e+00
  3.34550896e+00 -9.60045478e+00 -1.23849592e+00 -5.63619285e+00
  5.68257450e+00 -1.02719706e+01 -3.05976986e+01 -6.94099320e+00
 -1.66383838e+01 -4.49167380e+00 -1.74913286e+01 -2.45448159e+01
  3.09077961e+00 -5.04842704e+00 -8.71510135e+00 -1.67636522e+01
 -1.94832765e+01 -1.52330666e+01 -1.81747697e+01  1.48295482e+00
 -1.65024491e+01 -7.98829817e+00 -1.00470157e+01 -1.84586409e-01
 -1.16735952e+01 -1.69463810e+00 -1.33218706e+01  1.81652510e+00
 -1.15027414e+01 -5.49998926e+00 -3.35479039e-01 -3.72593056e+00
 -2.56066344e+00 -7.52312704e+00  4.88022794e+00  8.45673920e+00
 -1.77950714e+01 -1.01648852e+01 -2.11094476e+01 -7.95422198e+00
  7.40021983e-01 -1.80470095e+01 -1.00433652e+01 -2.14092654e+00
  2.37169252e+00 -1.75901392e+01 -1.97208175e+00 -4.00228278e+00
 -1.11886341e+01 -1.03614128e+01 -3.66767046e+00 -1.72409017e+01
  5.21909249e+00  1.62745762e-01 -5.15990516e+00 -1.16959286e+01
 -4.96292741e+00  2.64475459e+00 -2.33540788e+01 -1.06652859e+01
 -1.52424394e+01  1.69974762e+00  6.53700932e-01 -1.08933940e+00
 -1.23824600e+01  5.23862863e+00 -1.08667190e+00 -1.27603466e+01
 -3.75564361e-01 -5.58299980e+00 -2.02253735e+00 -6.86302105e+00
 -6.59387587e+00 -1.31266936e+00 -8.33605289e+00 -1.37284602e+01
 -7.70154904e+00 -3.55770709e+00 -3.98593449e+00 -3.23036289e+01
  1.22923304e+00 -9.12324868e+00 -2.17779618e+00 -8.59387679e-01
  6.25877097e+00 -1.53943796e+01 -3.68655690e+00  2.07986589e+00
 -1.32712623e+01 -1.10076549e+01 -1.20258784e+00 -1.24197766e+01
 -1.81359375e+01 -5.56723520e-01  2.46527601e+00 -1.62287560e+01
 -1.52840551e+00 -3.86798751e+00 -1.83938641e+01 -2.98490506e+00
 -6.13519889e-01  2.61682696e+00 -4.27164347e+00 -1.25677270e+01
 -1.12382846e+01  8.13588987e-02 -1.49131826e+00 -7.33307068e+00
 -1.07972559e+01  4.04511425e+00 -1.10022745e+01 -1.35619804e+01
  3.29594043e+00 -1.86167474e+01 -2.16643982e+01 -4.63676984e+00
 -1.27746826e+01 -9.14229293e+00 -2.86941197e+01 -2.20404871e+00
 -1.06818505e+01 -6.13079791e+00 -1.06675643e+00  4.51300227e+00
 -2.85896833e+00 -1.18006450e+01 -9.47586337e+00  1.54239451e+00
 -2.14856629e+00 -5.49895627e+00 -5.36220468e+00 -2.23012220e+00
 -8.75915044e+00 -4.45275335e+00 -8.21621994e+00 -7.72084498e+00
 -1.89559526e+00 -1.83640179e+00 -1.73198011e+00 -1.07597192e+00
 -8.05982948e+00 -1.38117786e+01 -3.57658647e+00 -3.80628050e+00
 -5.48741388e+00 -1.14961445e+01 -3.91140881e+00 -9.69428104e+00
 -7.47750065e+00 -1.45499257e+00 -1.67228148e+01 -9.72761099e+00
 -4.64873272e+00 -4.79641553e+00  1.70132429e+00 -9.63864199e+00
 -5.03722564e+00  1.50619465e+00 -1.29758149e+01 -6.84599300e+00
 -4.90423407e+00 -1.21082781e+01  4.80768925e-01  3.10077669e+00
 -2.60508361e+00  1.31260987e+00  2.13755555e+00 -8.34139922e+00
 -2.40703370e+01 -7.84394932e+00  2.67511543e+00 -1.39231581e+00
 -1.75836519e+01 -4.36845908e-01 -1.35587019e+01 -1.62750460e+01
 -1.49938245e+00  3.79671480e-01 -2.45780348e+00  9.72342046e-01
 -1.00161078e+01  3.65531717e-02 -1.79984802e+01 -9.30786659e+00
 -1.07191722e+01 -4.70571127e+00 -2.45852377e+00  4.03231934e+00
 -8.44196865e+00 -1.56870421e+00 -3.95546623e+00 -9.97273060e+00
 -1.74356975e+01 -9.52775236e+00 -7.68615263e+00 -2.27122613e+00
 -1.28752362e+01  4.62807663e+00  5.12797548e+00 -1.73668380e+00
 -3.39750571e+00 -1.25298396e+01 -8.88083104e+00 -1.77878387e+00
 -8.01286825e+00  2.08903748e+00  3.52042727e-01 -1.52229388e+01
 -3.03217983e+00  1.51921064e+00 -2.71516369e+01  1.64413202e+00
 -2.32784172e+01 -3.19209536e+00 -7.36899543e+00 -8.00406653e+00
  1.33158266e+00 -8.57796642e+00 -2.24184033e+00  4.81482559e-02
 -1.42986339e+01 -1.40756082e+01 -2.83620204e+00 -1.02060738e+01
  3.68963765e+00 -3.86990368e+00 -1.90098542e+00 -5.39918735e+00
 -2.02291327e+00 -9.90869627e+00 -1.06043530e+01 -1.16960685e+01
 -2.40299774e+00 -2.51278483e+01 -1.11373654e+01  4.38589674e-01
 -1.14386248e+00 -1.88751235e+00 -8.69119299e+00  1.94887765e-01
 -1.55223817e+00 -7.84980491e+00 -7.70745874e+00 -1.37721235e+01
  4.95909238e-01 -4.93980918e+00 -5.72237998e+00 -1.29699406e+00
  2.21919304e+00 -3.28492639e+00 -1.41707161e+01  6.17937579e+00
  3.95966249e+00 -2.63190956e+01 -1.09092409e+01 -6.44996681e+00
 -8.96422021e+00 -2.97470520e+00  3.16984550e+00 -4.53492484e+00
 -1.69288238e+00 -3.87818605e+00  2.38127625e+00 -5.73319545e+00
 -7.62394787e+00 -6.65083930e+00 -2.89184630e+00 -1.96801393e+00
 -3.29104761e+00 -8.55730726e+00 -1.56500986e+01 -5.85656939e-01
 -2.00965864e+01 -2.87726887e+00  6.02346390e+00 -1.18179097e+01
 -1.42429025e+01 -5.27806517e-01  5.53686239e-01  1.20073581e+00
 -4.45814032e+00 -5.63821478e+00  4.42452275e+00 -1.31186001e+01
  3.75406945e+00  3.09801407e+00 -7.46756614e+00 -1.38116986e+01
 -6.01762785e+00  1.71358664e-01 -9.00710601e-01 -1.98313411e+00
 -2.47835504e+00  4.22277955e+00  3.47405351e+00 -2.79055378e+00
  2.66734154e+00 -1.48060743e-01 -1.65812790e+01 -6.56084240e+00
  5.12725826e+00 -4.15245773e+00  3.03161235e+00 -1.11135552e+01
 -2.69224089e+00 -1.77668785e+01 -2.10531617e+00 -1.26536766e+01
 -3.72519191e+00 -8.08131942e+00 -1.09768505e+01 -9.58907557e+00
 -6.46856672e+00 -5.32057884e+00 -1.88513048e+01 -4.40991136e+00
 -4.65540031e+00 -3.96841762e+01  4.58178075e+00 -6.99297377e-01
 -4.00641438e+00 -1.36105739e+01  9.00542153e-01 -2.39494665e+01
 -1.12599410e+01 -7.01334570e+00]"
Random Forest,0.8490560847033589,0.547286317829503,6.071497387795395,4.018531104639668,0.6160679709013901,0.022251647699649147,"[-8.26477048e+00 -1.18273037e+00  1.40233345e+00 -4.24183863e+00
 -1.81049191e+01  1.25906768e+00 -4.56088167e+00 -9.27349985e-01
 -2.72250878e-01 -6.90309732e-01 -4.48172630e+00 -7.57243220e+00
 -1.04614507e+01 -8.72679724e+00  3.52974494e+00 -1.38356353e+01
 -8.65548375e+00  1.64361013e+00 -2.56477863e+00  1.57905321e+00
 -2.56989556e+00 -1.26832744e+01 -3.61919056e+00 -7.87652187e+00
 -3.85673167e+00 -1.06447764e+00 -5.29288555e-02 -1.36227099e+01
 -6.25752918e+00 -1.21332357e+01  3.03965602e-01 -1.06305940e+01
  5.18397416e+00 -3.62045140e+00 -7.92429482e-01 -1.18964443e+01
 -4.58029538e+00 -1.16779739e+01 -7.40392090e+00 -2.94686615e+00
 -7.35977219e+00 -7.09342877e+00 -2.64766823e+01 -5.39455952e+00
 -8.48416739e+00  2.46983468e+00 -4.58844207e+00 -3.89171075e+00
 -1.21763583e+01 -5.85949395e+00 -7.28341752e+00 -2.27002921e+00
 -9.86695594e-01 -5.62023539e+00  3.65432938e-02 -1.35249894e+00
 -3.83492997e+00 -3.31857441e+00  3.25018889e+00 -4.24905177e+00
 -2.25605889e+01 -1.40696598e+01 -1.06620957e+01 -5.49220481e+00
 -1.06474231e+01 -6.54458681e+00 -3.39734465e+00 -2.27407812e+00
 -1.40614336e+01  8.25743723e-03 -1.13633430e+01 -1.31605275e+01
 -4.94492183e-01  6.65316849e-01  2.84961858e+00 -1.87599396e+01
 -1.68011491e+01 -3.18183620e-01  4.76484027e+00 -1.05759134e+01
 -1.00967850e+01 -1.88972786e+01  3.02930428e+00 -1.35823878e+01
 -1.64374441e+01 -1.87898593e+01 -4.57724781e+00 -7.05196682e-01
 -1.95421991e-01 -1.65886569e+01 -1.30505517e+01 -1.26909458e+01
  6.30733234e+00 -2.42081904e+00 -4.81584263e+00 -2.68749773e+00
 -1.58450567e+01  2.20576592e-01 -2.81352424e+00 -2.18873044e+01
 -3.24550687e+00 -1.02837056e+01 -9.18730855e+00 -1.34763189e+01
 -2.25004456e+00 -9.96131055e+00  9.62387751e-01 -5.81815458e+00
 -2.05571984e+01  3.49268570e+00 -1.51277800e+00 -1.84437402e+01
 -1.35935219e+01 -1.21671549e+01 -2.17590590e+01  1.19785850e+00
 -9.78362519e+00 -5.08689449e+00  3.15948747e+00  1.45226032e+00
 -4.77151037e+00 -1.44932873e+01 -3.67704397e+00 -2.75770297e+00
 -3.52069822e+00 -6.79680613e+00  2.88352552e+00  2.06068133e+00
  9.31896094e-01  9.55329771e-01  3.84193621e+00  1.68413050e+00
 -1.32862815e+01 -8.11802787e+00 -2.38989621e+00 -5.15845699e+00
 -3.09435017e+00 -8.11669835e+00  1.05890743e+00 -6.26874342e+00
 -2.38968586e+01 -9.52441729e+00 -6.04181131e+00  2.01150294e-01
 -1.22466434e+01 -1.78030823e+01 -4.11316890e+00 -7.74500208e+00
 -2.27885846e+00 -1.99761261e+01 -4.65948863e+00  8.00326528e-02
 -1.51258033e+01 -3.13089463e+00 -8.27992627e+00 -2.95333041e+00
 -3.39250544e+00 -8.54847654e+00 -9.81501045e+00  1.03228014e+00
  4.02063084e+00 -1.10990004e+01  7.10495463e+00 -3.45994421e+00
  1.68800502e+00 -1.23634707e+00 -1.67316381e+01 -1.00067938e+01
  2.16360007e-02 -8.33124302e+00 -6.99694114e-01  5.48675871e+00
 -1.41923359e+00 -5.71239297e+00 -9.89947157e+00 -1.74361869e+01
 -3.83800874e+00 -3.58704371e-01 -3.29754894e+00 -2.91564157e+00
  7.05768484e-01 -7.18338210e-01 -1.36650032e+01 -1.11757417e+01
 -7.94150759e+00 -3.58467983e+00 -2.09145931e+00 -4.02268012e-03
 -3.37906270e+00 -9.82055979e+00 -1.60039798e+01 -1.61256872e+01
 -1.76715381e+01 -1.07519658e-01  1.50097073e+00  5.32308559e+00
 -1.54867040e+01 -1.09286948e+01 -2.39103488e+01 -3.54121423e+00
 -5.69134966e+00 -5.00707239e+00 -5.60491139e+00 -1.30179631e+00
 -5.04187602e+00 -1.38263071e+01  8.76148459e+00 -2.86585189e+00
 -1.64247179e+01 -8.43643539e+00 -5.20406866e+00  1.07786446e+00
 -1.46976343e+00 -1.39497729e+01 -5.20748379e-01 -1.00098922e+00
 -8.09020615e-01 -3.91700950e+00  1.07400693e+00 -5.09963830e+00
 -5.93405924e+00 -1.00492730e+01 -1.23547209e+01 -1.81157923e+00
  1.45261158e+00 -2.02147203e+01 -1.73446421e+00 -3.11490653e+00
 -3.31822979e+00 -6.78626602e+00 -2.24805423e+00 -3.73874869e+00
 -2.99683176e+00  3.10848624e+00  1.17737602e+00 -1.64426559e+01
 -9.19072881e-01 -1.83020522e+00 -1.71834414e+00 -1.58571693e+01
  1.18618863e+00  2.48020108e+00 -8.72605655e+00 -9.08516256e+00
 -6.19962776e+00 -1.07235623e+01 -1.17498530e+01 -1.76449890e+01
  2.12990645e-01 -3.34444049e+00 -5.58537920e+00 -7.15107657e+00
 -1.16954264e+01 -1.29902307e+01 -1.16371325e+01  8.09062075e-02
 -3.72693363e+00 -4.27827912e+00 -2.24437626e+01  5.38133720e-01
 -3.99271596e-01  8.00366456e-01 -1.20522239e+01 -3.18339309e+00
  5.23218598e-01 -5.29749749e+00 -1.55772807e+01 -9.98324607e+00
 -4.18576966e-01 -5.41660540e+00 -1.01413253e+01 -1.44262102e+01
 -9.60768552e+00 -8.44431635e+00 -1.23945826e+01 -7.56788900e+00
  1.11469336e+00 -2.80973567e-01 -3.14811905e+00 -9.22114292e+00
 -1.32877733e+01 -1.45321433e+00 -6.92773268e-01 -1.81278481e+01
 -4.92775718e+00 -1.37698450e+01  1.15573355e-01  3.64071655e+00
 -7.69180002e-01  1.30385461e+00 -1.45897567e+01 -1.19893106e+01
  1.45503864e+00 -7.67950438e+00 -2.34181822e+01 -3.88030480e+00
  3.71319533e+00 -1.57305244e+00 -7.14674217e+00  1.40290552e+00
  4.35388478e-01 -1.40812070e+01 -1.23500890e+01 -4.21744846e+00
 -6.13251741e-01 -8.34975322e+00 -1.61144020e+00  1.19987984e+00
 -2.67470579e-01 -1.40082589e+01 -2.04764942e+00 -2.42689485e+00
  9.63691349e-01 -3.93156650e+00 -8.96247175e-01 -7.82598068e+00
  3.98441520e+00 -1.25672018e+01 -2.60471707e+01 -9.51001223e+00
 -1.90947027e+01 -7.02928452e+00 -1.70311911e+01 -2.21851428e+01
  2.28061984e+00 -4.13669701e+00 -6.07100991e+00 -1.50317743e+01
 -2.00937375e+01 -5.00176739e+00 -1.57883666e+01  3.18411837e+00
 -1.31574684e+01 -1.86244691e+00 -1.10796110e+01 -3.12633701e+00
 -1.40834190e+01 -6.93012309e-01 -9.57663491e+00  1.53597314e+00
 -1.40506594e+01 -7.49573801e+00 -3.17629302e+00 -4.07894971e+00
 -1.52522442e+00 -9.75429558e+00  1.41598349e+00  9.98222438e+00
 -1.15716629e+01 -1.00088695e+01 -1.95809369e+01 -1.05069162e+01
 -1.99706563e+00 -2.20443100e+01 -9.54909785e+00 -9.19917779e+00
  2.18122927e+00 -1.40035850e+01 -3.32503205e+00 -4.26089244e+00
 -1.34955614e+01 -2.49177345e+00 -4.69838828e+00 -1.04655205e+01
  3.13298895e+00  2.99603547e+00 -9.92498959e+00 -1.48491477e+01
 -9.38206183e+00  2.42695148e+00 -2.43479239e+01 -1.17863679e+01
 -1.52696723e+01  1.70105253e+00 -5.30967788e-01 -4.34550208e+00
 -1.48277102e+01  5.69520266e+00  2.90457342e+00 -1.22291262e+01
  1.60399974e+00 -5.87446122e+00 -4.07900475e+00 -7.26968999e+00
 -9.34295552e+00 -3.84074798e+00 -9.01312608e+00 -6.66316260e+00
 -6.96574498e+00 -4.34641024e+00 -2.86452898e+00 -2.77159640e+01
  4.29054928e+00 -7.21451733e+00  1.09941711e+00  4.81075183e-01
  6.11418336e+00 -1.36442503e+01 -1.51071998e+00 -1.03985566e+00
 -1.48332486e+01 -1.03087715e+01 -3.19218439e+00 -1.16833409e+01
 -1.85252095e+01  2.49018447e+00  7.28722530e-01 -1.91064626e+01
 -3.17128309e+00 -3.27707561e+00 -2.06645024e+01 -8.17554584e-01
  3.94401954e-01 -8.30934928e+00 -6.66361369e+00 -1.39097741e+01
 -5.69634137e+00 -2.31651262e+00 -3.71143898e+00 -2.52419117e+00
 -1.24325694e+01 -4.37441740e+00 -6.42489443e+00 -1.46716853e+01
  2.35989624e+00 -1.98025807e+01 -1.95632811e+01 -1.52352056e+00
 -1.37579301e+01 -8.76824699e-01 -2.20109153e+01 -5.56950168e+00
 -9.37348329e+00 -3.94125688e+00 -9.51934906e-01  3.50974577e+00
 -1.33075329e+00 -8.90904879e+00 -1.13040515e+01  1.13896450e-01
 -3.51916596e+00 -4.05930928e+00 -6.89332698e+00 -2.77990030e+00
 -1.26727032e+01 -2.35155961e+00 -1.08829691e+01 -3.04888905e+00
 -3.20255484e+00 -3.30049018e+00 -1.53830786e+00 -1.87411144e+00
 -9.46424213e+00 -1.37722144e+01 -3.94274916e-01 -6.92493540e+00
 -6.95011075e+00 -6.55680076e+00 -4.66296109e+00 -1.31359740e+01
 -3.91933338e+00  1.35882190e-01 -1.77281063e+01 -1.21284940e+01
 -6.35995955e+00 -5.32957872e+00 -1.53284428e+00 -1.25030969e+01
 -4.24108160e+00  3.00134679e+00 -1.38354839e+01 -8.79617468e+00
 -6.54528998e+00 -3.29148101e+00 -4.38792364e-01  7.99955575e-01
 -3.92663930e+00 -2.01123216e+00  1.55624328e+00 -1.10575401e+01
 -2.33442378e+01 -7.04666272e+00  8.13247640e-01 -2.62423707e+00
 -1.86454575e+01 -1.07439304e+00 -1.41439588e+01 -5.04013687e+00
 -3.40413995e+00  2.05782864e+00 -4.53399748e+00 -3.03031063e+00
 -1.17362409e+01 -2.79859949e-01 -1.19429796e+01 -8.62781649e+00
 -1.18861851e+01 -6.50314515e+00 -1.47261577e+00  4.75399415e+00
 -7.72755624e+00 -1.58423324e-01 -5.08160495e+00 -7.67933615e+00
 -2.24226288e+01 -1.15918355e+01 -8.95291738e+00 -4.34510991e-01
 -6.24372933e+00  2.38318742e+00  1.87694053e+00 -2.81012870e+00
 -3.43167347e-01 -1.36076733e+01 -9.21158505e+00 -4.61926631e+00
 -6.31763745e+00  1.18636136e-01  6.63740179e-01 -1.54113557e+01
 -4.32633404e+00  4.70018976e+00 -2.43772941e+01  5.14757323e-01
 -2.10340165e+01 -2.66252093e+00 -8.92032495e+00 -1.15822934e+01
  2.09970356e-01 -5.60609571e+00 -1.28453916e+00 -9.55494204e-03
 -1.25454633e+01 -1.03155114e+01 -4.26462514e+00 -6.57687515e+00
  1.19025282e+00 -6.31403614e+00 -4.14439567e+00 -6.70791218e+00
 -1.50226594e+00 -7.26982494e+00 -1.20737492e+01 -1.29321450e+01
 -4.30878096e+00 -1.83166524e+01 -6.53911532e+00 -2.36081656e+00
 -9.93573639e-01  2.31679329e-01 -8.19369154e+00 -2.89380392e+00
 -2.06560669e+00 -8.96943967e+00 -6.82398012e+00 -1.46525670e+01
  7.14233744e+00 -4.81296553e+00 -5.95546463e+00 -3.08502206e+00
 -7.19071769e-01 -2.62379910e+00 -1.46654807e+01  1.07060883e+01
  2.23429250e+00 -2.48137526e+01 -8.69045117e+00 -7.05143925e+00
 -8.41843410e+00  3.60987904e-02  2.11398618e+00 -6.39980354e+00
 -2.92440397e+00 -5.26060052e+00  6.46383146e-01 -5.32023650e+00
 -8.63088230e+00 -4.90626142e+00 -2.50073364e+00 -3.35936354e+00
 -7.94987443e-01 -8.27341893e+00 -1.84312694e+01 -3.38341142e+00
 -1.92856305e+01 -3.49551766e+00  4.15246272e+00 -1.17382067e+01
 -1.30642766e+01 -2.40025896e+00 -3.11849644e+00  4.73629809e-02
 -5.28762536e+00 -8.52472116e+00  8.21931652e-01 -1.44770678e+01
  1.93812746e+00  2.92164782e+00 -6.51978366e+00 -9.53010365e+00
 -5.90312788e+00 -2.33524548e+00 -1.63447666e+00 -2.49373504e+00
 -3.65937522e+00  1.94372434e+00  2.47938007e+00 -3.71867992e+00
  4.13380304e-01 -1.09197222e+00 -1.71544605e+01 -4.53526127e+00
  1.43182036e+00 -6.24421704e+00  1.66544925e+00 -8.31538904e+00
  5.72325094e-01 -1.34431338e+01 -1.19126271e+00 -1.36205175e+01
 -7.12222417e-01 -1.03676006e+01 -1.32174130e+01 -5.81485574e+00
 -1.08383995e+01 -4.08071212e+00 -1.89021380e+01 -8.91130202e+00
 -5.38907296e+00 -4.42856935e+01  3.34716229e+00 -1.31575206e+00
 -4.10029295e+00 -1.59716186e+01 -1.26084705e+00 -2.10133960e+01
 -1.36122032e+01 -8.91719761e+00]"
XGBoost,0.8820376873213588,0.5657311061955039,5.946526568807818,3.9318926986485008,0.6363656845387438,0.017370808591862855,"[-7.61959505e+00  2.63447118e+00  1.30961227e+00 -4.21885633e+00
 -2.10749321e+01  6.89510405e-01 -4.75474834e+00 -2.21890211e+00
  1.19308531e+00  1.91640601e-01 -5.43646240e+00 -6.30203629e+00
 -1.15392208e+01 -7.63394690e+00  7.74770498e-01 -1.29877701e+01
 -8.78238297e+00  1.46662402e+00 -1.35386992e+00  6.72675669e-04
 -3.09951854e+00 -9.58516502e+00 -5.24923706e+00 -7.86808205e+00
 -2.56876874e+00 -4.23657924e-01 -1.04329795e-01 -5.03370857e+00
 -6.16461039e+00 -7.76845646e+00  7.18949199e-01 -8.10902023e+00
  5.79504013e+00 -3.54665875e+00 -2.08504057e+00 -1.33182983e+01
 -3.27017570e+00 -1.16578207e+01 -5.20068550e+00 -1.11361611e+00
 -7.54038715e+00 -6.11862230e+00 -3.38833351e+01 -5.13325024e+00
 -9.48527050e+00  2.75854015e+00 -3.91599321e+00 -6.62203026e+00
 -1.17269983e+01 -6.01742411e+00 -8.53058910e+00 -4.60847569e+00
 -1.81762743e+00 -6.43419027e+00 -7.37079620e-01 -6.00104332e-01
 -4.54190016e+00 -3.52385306e+00  2.32096100e+00 -5.59891796e+00
 -2.30626411e+01 -1.25268688e+01 -1.03687668e+01 -8.23942375e+00
 -1.03232498e+01 -5.76614571e+00 -4.04334068e+00 -3.12519646e+00
 -1.65552483e+01 -8.05876255e-01 -1.16728115e+01 -1.35641451e+01
 -2.24924970e+00 -4.66054976e-01  3.72858000e+00 -1.80677509e+01
 -1.35808077e+01  6.76808804e-02  1.19059219e+01 -9.17486572e+00
 -1.16996822e+01 -1.25249243e+01  1.89872146e-01 -1.40626268e+01
 -1.72387714e+01 -1.87025585e+01 -4.33588648e+00 -1.82076204e+00
  3.82745051e+00 -1.51978369e+01 -1.03063755e+01 -1.31881866e+01
  3.87764978e+00 -2.94588828e+00 -5.09877682e+00 -3.45072269e+00
 -1.82576656e+01  1.04326749e+00 -4.12948608e+00 -2.07762280e+01
 -3.70871639e+00 -5.07430840e+00 -1.07482443e+01 -1.47155714e+01
 -9.55314279e-01 -1.08734837e+01  3.82800102e-01 -4.44469404e+00
 -1.95996246e+01  4.28368950e+00 -3.27103329e+00 -2.12358093e+01
 -1.11773682e+01 -1.39863663e+01 -2.15819397e+01 -2.94230372e-01
 -1.07489309e+01 -5.64403772e+00  3.56243777e+00  1.10297120e+00
 -6.59049988e+00 -1.45492792e+01 -3.04465389e+00 -3.16766477e+00
 -3.25979996e+00 -6.29559851e+00  5.91754627e+00  5.30438185e-01
  1.86843067e-01 -1.85449553e+00  1.15114963e+00  2.48477340e-01
 -1.29794798e+01 -7.03521442e+00 -3.18085456e+00  2.56511599e-01
 -1.69954693e+00 -1.31616974e+01  6.80765808e-01 -6.83572102e+00
 -2.63032646e+01 -1.13296051e+01 -5.85548353e+00  2.63637155e-01
 -1.03280182e+01 -1.78873806e+01 -5.81273985e+00 -9.25958061e+00
 -1.58599627e+00 -1.94507484e+01 -4.13555384e+00 -2.27191257e+00
 -1.45459480e+01 -4.00642490e+00 -7.44091320e+00 -1.37624764e+00
 -3.96198010e+00 -6.60261917e+00 -8.78590870e+00  2.10630870e+00
  2.03982353e+00 -9.58590889e+00  1.01513319e+01 -4.56936502e+00
  3.44340777e+00 -1.57177055e+00 -1.33313494e+01 -1.03776245e+01
  4.13047552e-01 -8.14001179e+00 -7.50399828e-01  2.27786732e+00
 -7.39295602e-01 -5.87352657e+00 -1.06334505e+01 -1.84684696e+01
 -5.05640459e+00 -2.93287396e-01 -3.23336697e+00 -4.10209465e+00
  6.44209236e-02 -3.18726468e+00 -1.39489498e+01 -1.15999727e+01
 -7.80662298e+00 -5.10685587e+00 -1.30677152e+00  1.51399481e+00
 -3.54988933e+00 -1.10123138e+01 -1.98861713e+01 -1.63259392e+01
 -2.05600834e+01 -6.35329485e-02  1.09679687e+00  3.80992794e+00
 -1.50523996e+01 -1.01508121e+01 -2.31738625e+01 -5.27080250e+00
 -2.95617604e+00 -7.82293653e+00 -4.92598534e+00 -1.88633934e-01
 -7.50144720e+00 -1.43695860e+01  3.32328463e+00 -3.49976563e+00
 -1.75008450e+01 -8.22486019e+00 -6.46490288e+00  1.29561913e+00
 -1.24028063e+00 -1.38495378e+01 -6.87352180e-01 -5.20124197e-01
 -2.04777193e+00 -3.41732121e+00  4.31728363e-01 -7.07994986e+00
 -6.72337627e+00 -7.01607800e+00 -1.16268406e+01 -6.96496773e+00
  2.06451058e+00 -1.56088877e+01 -2.27379036e+00 -2.35214877e+00
 -4.55251694e+00 -6.93595552e+00 -3.64112258e+00 -1.00316393e+00
 -3.91355658e+00  1.38005972e-01  9.69862700e-01 -1.90094261e+01
 -1.02052057e+00 -3.14818597e+00 -2.35973573e+00 -8.85452938e+00
  3.69850785e-01  1.24408555e+00 -9.02145672e+00 -7.61168337e+00
 -8.75376701e+00 -1.13302021e+01 -1.03770084e+01 -1.70203304e+01
 -2.18219590e+00 -3.91879082e+00 -4.18960619e+00 -5.88422966e+00
 -1.31585054e+01 -1.36946507e+01 -1.22269373e+01 -2.36579299e+00
 -3.75623083e+00 -3.21966004e+00 -1.87889328e+01  1.00579381e+00
  6.11384548e-02 -1.69080615e+00 -1.31312256e+01 -3.52067709e+00
 -8.76581728e-01 -7.70033360e+00 -1.49856234e+01 -1.17480631e+01
 -7.43282795e-01 -3.66329646e+00 -1.04240894e+01 -1.45994034e+01
 -1.16577520e+01 -8.85437775e+00 -1.18913927e+01 -7.12276316e+00
  8.22103083e-01  1.01753786e-01 -3.31326461e+00 -8.64929867e+00
 -1.04729242e+01 -2.48523498e+00 -5.99945962e-01 -1.80534115e+01
 -4.59235954e+00 -1.42803478e+01 -1.17872812e-01  5.43694448e+00
 -9.56728280e-01  2.42065644e+00 -1.50974865e+01 -7.91502666e+00
  2.11090565e+00 -1.02790365e+01 -2.45348587e+01 -4.58041000e+00
  2.70245576e+00 -2.28089619e+00 -8.58527374e+00  1.63621855e+00
  1.01024485e+00 -1.28548861e+01 -9.53404808e+00 -5.44613266e+00
 -6.06807590e-01 -6.26518440e+00 -1.78208864e+00  1.64034534e+00
 -8.29193115e-01 -1.37321720e+01 -3.17282176e+00 -1.79611170e+00
  2.09110260e+00 -6.38480139e+00 -1.48600531e+00 -7.45320606e+00
  1.24976659e+00 -1.24332247e+01 -2.60762367e+01 -9.99668312e+00
 -1.99556293e+01 -7.19623232e+00 -1.80258369e+01 -2.14053478e+01
  2.72697067e+00 -3.90579653e+00 -6.58201694e+00 -1.67539883e+01
 -2.05171967e+01 -2.65378594e+00 -1.68528633e+01  1.68688297e+00
 -1.25503941e+01 -8.30656910e+00 -1.21123219e+01 -3.28152418e+00
 -1.25391893e+01  1.27186322e+00 -7.88950682e+00 -3.08539450e-01
 -1.29677134e+01 -7.28940916e+00 -3.41157246e+00 -4.94765329e+00
 -1.99270821e+00 -9.77758026e+00  2.95962977e+00  1.06180143e+01
 -1.25292215e+01 -9.37472248e+00 -2.22486687e+01 -9.08266449e+00
 -2.98825407e+00 -2.05490246e+01 -1.03184490e+01 -8.75836277e+00
  2.72508240e+00 -9.77059174e+00 -4.43402290e+00 -4.45722246e+00
 -1.11268358e+01  1.83126488e+01 -5.22389555e+00 -1.47698939e+00
  3.35632992e+00  2.57809973e+00 -1.02433834e+01 -8.88813210e+00
 -2.91378903e+00  3.52962542e+00 -2.70911942e+01 -1.15035048e+01
 -1.69324303e+01  2.21887493e+00 -8.53252858e-02 -5.12378740e+00
 -1.56284981e+01  7.63340902e+00  2.04100966e+00 -1.55947142e+01
  1.00231004e+00 -4.70105553e+00 -2.97893786e+00 -8.80920696e+00
 -8.58800983e+00 -4.06238842e+00 -8.86052799e+00 -9.50734901e+00
 -8.61550522e+00 -5.40221405e+00 -1.03807342e+00 -2.37890778e+01
  3.63072276e+00 -7.29414940e+00  7.37233162e+00 -2.28800312e-01
  3.84449720e+00 -1.59666862e+01 -1.77169180e+00 -2.34516048e+00
 -1.56107035e+01 -1.16570625e+01 -3.29383159e+00 -1.25720301e+01
 -1.91551113e+01  9.19089437e-01  2.49883676e+00 -1.78235397e+01
 -2.92829108e+00 -3.31354547e+00 -2.02644596e+01 -2.41805673e+00
  4.94650841e+00 -5.22561646e+00 -6.25837374e+00 -1.37776022e+01
 -3.75125122e+00 -2.78585291e+00 -2.25002885e+00 -3.58327341e+00
 -1.20147848e+01  7.87233949e-01 -5.76683712e+00 -1.63056679e+01
  2.34741950e+00 -2.19579716e+01 -2.17274933e+01 -1.80051994e+00
 -1.41446028e+01 -4.98840475e+00 -2.85025425e+01 -2.28625298e+00
 -1.24196024e+01 -2.53411245e+00 -1.16504073e+00  4.00524044e+00
 -3.54853535e+00 -1.15365133e+01 -1.09492254e+01 -1.24175620e+00
 -2.32571340e+00 -8.30998898e+00 -8.04274750e+00 -2.50136685e+00
 -1.36387987e+01 -2.85603881e+00 -7.72881413e+00 -2.42480493e+00
 -3.40550709e+00 -2.27903366e+00 -1.22806513e+00 -2.77335858e+00
 -8.81685352e+00 -1.36584692e+01  6.04268980e+00 -6.12613201e+00
 -5.78899765e+00 -5.28419304e+00 -2.20333219e+00 -1.36655064e+01
  1.42564011e+00 -2.51860785e+00 -1.84080772e+01 -1.18770676e+01
 -5.92465639e+00 -5.59334898e+00  1.61531568e-01 -1.13808002e+01
 -4.36524391e+00  2.28649640e+00 -1.53792400e+01 -9.41894436e+00
 -4.82129860e+00 -8.20249271e+00 -9.50142145e-01  7.36151159e-01
 -3.69433761e+00 -2.88471532e+00  4.64339018e-01 -1.11657686e+01
 -2.43510113e+01 -9.29360199e+00  6.82425082e-01 -3.96730852e+00
 -2.02134304e+01 -1.18342733e+00 -1.41834879e+01 -6.60182476e+00
 -4.12988043e+00  7.95969248e+00 -8.18432331e+00 -2.59569359e+00
 -1.14523096e+01 -8.81992519e-01 -1.00278587e+01 -9.53858566e+00
 -9.47873402e+00 -6.59065485e+00 -1.70538378e+00  4.25265646e+00
 -1.09872417e+01 -6.55485503e-03 -1.05210571e+01 -8.41307640e+00
 -2.08697529e+01 -1.17488031e+01 -8.06904125e+00 -7.31450021e-01
 -7.98651934e+00  1.67279840e+00  2.57800007e+00 -1.35887384e+00
  1.59330273e+00 -1.55756750e+01 -8.31694126e+00 -5.85118389e+00
 -5.85198212e+00 -1.31769344e-01 -1.66985118e+00 -2.23792515e+01
 -4.80247021e+00 -6.35076046e-01 -2.31851807e+01 -2.34561786e-01
 -2.56687584e+01 -1.45494044e+00 -8.37181282e+00 -1.11719179e+01
 -1.60783374e+00 -3.22426629e+00 -1.97155344e+00 -1.68005371e+00
 -1.32761784e+01 -9.60640621e+00 -4.57836342e+00 -1.06046162e+01
  1.33539438e-02 -7.58870220e+00 -4.37717485e+00 -6.30197001e+00
  1.72380638e+00 -1.07565145e+01 -1.15486288e+01 -1.25850067e+01
 -4.51073360e+00 -1.65357494e+01 -3.65666533e+00 -2.91930079e+00
 -7.19117343e-01 -3.90961975e-01 -7.01871347e+00 -3.15518570e+00
 -2.76214290e+00 -8.62540722e+00 -7.56431341e+00 -1.55358324e+01
  7.27842617e+00 -3.26466298e+00 -5.60653830e+00 -4.49736452e+00
  2.17737466e-01 -2.30450535e+00 -1.53868856e+01  1.38442297e+01
  3.05847621e+00 -2.32537727e+01 -1.15760794e+01 -7.16110516e+00
 -8.82188988e+00 -2.43454361e+00  2.53476292e-01 -5.42704487e+00
 -1.66653728e+00 -5.70585251e+00  2.38458440e-01 -6.75130796e+00
 -8.97678280e+00 -5.11544371e+00 -2.84002090e+00 -4.24890471e+00
 -1.42086053e+00 -9.17236042e+00 -1.71460171e+01 -3.50414586e+00
 -2.18489056e+01 -4.30015373e+00  2.53057337e+00 -1.17382717e+01
 -1.36880140e+01 -1.21764982e+00 -3.49783564e+00  1.92308950e+00
 -7.26886654e+00 -8.58083820e+00  3.27537656e-01 -1.34849987e+01
  1.35329986e+00  4.02901316e+00 -7.04934406e+00 -1.36532078e+01
 -2.82483673e+00 -2.43678141e+00 -1.64613664e+00 -9.18673277e-01
 -3.98858523e+00  3.33531427e+00  2.31727171e+00 -2.42021179e+00
  1.33504406e-01 -1.43918419e+00 -1.30470619e+01 -5.37038374e+00
  1.51791286e+00 -7.57652569e+00  2.18366885e+00 -9.78865337e+00
  3.19564134e-01 -1.59796276e+01 -2.01503491e+00 -1.45154428e+01
 -1.57316768e+00 -1.09718637e+01 -1.30932360e+01 -6.71110964e+00
 -1.34193192e+01 -4.72948265e+00 -2.08258915e+01 -8.16446877e+00
 -6.16373062e+00 -5.69142151e+01  4.11270666e+00 -5.82875907e-01
 -4.01223183e+00 -1.49294748e+01 -1.47855806e+00 -2.55399456e+01
 -1.04876738e+01 -8.98886776e+00]"
